CLI_ID,recommendedLIBELLE1,recommendedLIBELLE2,recommendedLIBELLE3,recommendedLIBELLE4,recommendedLIBELLE5,recommendedLIBELLE6,recommendedLIBELLE7,recommendedLIBELLE8,recommendedLIBELLE9,recommendedLIBELLE10
1490281,EDP EVIDENCE VAPO 100ML,GD JDM4 PAMPLEMOUSSE FL 200ML,VAO CERISE NOIRE 32 LUM4 3ML,LAIT PECHE PN2 FL50ML,ZERO TRACE SPRAY SPF 15 FL150,EDT FRAMBOISE PN 20ML,BAUME LEVR SENT FRAMBOISE 4G,GD GOMMANT VANILLE T200 ML,BRUME VITAMINEE PAMPLEMOUSSE ROSE FL50ML,RIDES+FERMETE NUIT P50ml SV40
13290776,"CRAY KHOL NOIR 81 LUM4 1,3gr",BLUSH SOLEIL CUIVRE ETE14 ANI LU4 2G,EDP COMME UNE EVIDENCE VAPO SAC15ML OS13,BAUME NOUR CACAO FRAMB NOEL COLL 4G,SVC PURETE SH 300 ML,HUILE IP6 FL150 PROT VEG,MASCARA LONG NOIR 01 CN3 8ML,UMAJ LAIT MUGUET FL 200ML,EYE LINER PRUNE06 CN3 2.5ML,CR JR PARF BIO.SPE AC.SENT.50ML
20163348,ILLUMI SCULPT CUIVR/DOR01 ETE14 CN3 15ML,VAO ORANGE SANGUINE 21 LUM4 3ML,FAP ENLUMINEUR B LANC NEIGE 2G LUM 4 VPM,AB SVA JAMBES D'ETE  T75 INTER,GELEE TEINT HALE MAT 02 AX/SO CN3 30ML,RIDES+ECLAT CR NUIT P50ml SV40,CORRECT A LA ROSE TT CLAIR CN3 5G,EYE LINER NOIR CN3 2.5ML,VAO NUANC TURQUOIS 56 IT/CO AOU14 L4 3ML,GLOSS SEXYPULP RGE SOMBRE 04 CN3 10ML
20200041,DOUCH GOMMANTE F ROUGES F200 ML,MASC SEXYPULP NOIR 01 CN3 9ML,"GLOSS PRALINE 71 LUM4 4,5ML",EDP EVIDENCE VAPO 100ML,BLUSH SOLEIL CUIVRE ETE14 ANI LU4 2G,MASCARA VOL VERTIGE BLEU CN3 9ML,SVC PURETE SH 300 ML,LAIT PECHE PN2 FL50ML,SVC PIEDS SOS P ECHAUF T50ML,RIDES+FERMETE NUIT P50ml SV40
20561854,GD JDM4 LAVANDIN DE PROVENCE 200ML,MSQ CRANBERRY BTE CROQUER T50,FDT 0/DEF BEIG200 CLAIR CN3 30,D LOTUS DU LAOS JDM3 200ML,"GLOSS PRALINE 71 LUM4 4,5ML",EAU MICELLAIRE HYDRATANTE 200ML,EDT EVIDENCE HOMME  VAPO 75ML,MASCARA VOL VERTIGE BLEU CN3 9ML,EDT  UN MATIN AU JARDIN  100ML  MUGUET,LAIT COCO PN2 FL50ML
20727324,"PORTE MINE YX ANTHRACITE CN3 0,3G",NACRES LIBRES ROSES CN3 3G,GELEE PROTECTYL APSOL T150,GD 200ML AMBRE NOIR,EDT FRAISE PN2 100ML VPM,GELEE HYDRAT YX HYDRA/VEG 15ML,HUILE IP6 FL150 PROT VEG,MASCARA LONG NOIR 01 CN3 8ML,BAUME LEVR SENT FRAMBOISE 4G,LAIT COCO PN2 FL50ML
20791601,CORRECT A LA ROSE TT CLAIR CN3 5G,CD JDM4 COTON  FL 200ML,"GLOSS PRALINE 71 LUM4 4,5ML",SVC PIEDS BAUME REP T50ml,SVC PURETE SH 300 ML,GEL NETT HYDRA VEG T125ML,UMAJ LAIT MUGUET FL 200ML,EDT FRAMBOISE PN 20ML,GD GOMMANT VANILLE T200 ML,LAIT COCO PN2 FL50ML
21046542,CRAYON LEVR NUDE/BEIGE CN3 1G,FAP DUO 2012 CN3 3G PRUNE ET TAUPE PDRE,RAL BRILL ROSE COCKTAIL32 CN3 3.5G,CREME MAINS FRUITS NOIRS T75 ML,RIDES+ECLAT CR NUIT P50ml SV40,VAO NUANC TURQUOIS 56 IT/CO AOU14 L4 3ML,MASCARA VOL VERTIGE BLEU CN3 9ML,GLOSS SEXYPULP RGE SOMBRE 04 CN3 10ML,MASCARA LONG NOIR 01 CN3 8ML,LAIT COCO PN2 FL50ML
21239163,PC TEINT BEIGE MOYEN  10G LUMINELLE 4,CRAYON SOURCILS CHATAIN CN3 1.1G,CREME MAINS FRUITS NOIRS T75 ML,MSQ CRANBERRY BTE CROQUER T50,CORRECT A LA ROSE TT CLAIR CN3 5G,BAUME TRAD DE HAM P150ml,GEL DEFATIG ENERGIE FL 50ML,MASCARA VOL VERTIGE BLEU CN3 9ML,"FAP MONO 2013 CN3  TAUPE  ROSE  2,5G",RIDES+FERMETE NUIT P50ml SV40
21351166,BAUME NOUR CACAO FRAMB NOEL COLL 4G,VAO NUANC TURQUOIS 56 IT/CO AOU14 L4 3ML,REPACK AR BIEN JOUR RC2 P 50ml,GD JDM LAVANDIN PROVENCE FL 200ML,GELEE HYDRAT YX HYDRA/VEG 15ML,VAO CERISE NOIRE 32 LUM4 3ML,MASCARA LONG NOIR 01 CN3 8ML,LAIT PECHE PN2 FL50ML,"FAP MONO 2013 CN3  TAUPE  ROSE  2,5G",SVC PIEDS SOS P ECHAUF T50ML
21497331,FDT 0/DEF BEIG200 CLAIR CN3 30,CD JDM4 COTON  FL 200ML,GD JDM LAVANDIN PROVENCE FL 200ML,VAO CERISE NOIRE 32 LUM4 3ML,HUILE IP6 FL150 PROT VEG,EDT FRAMBOISE PN 20ML,BRUME VITAMINEE PAMPLEMOUSSE ROSE FL50ML,"FAP MONO 2013 CN3  TAUPE  ROSE  2,5G",RIDES+FERMETE NUIT P50ml SV40,EDT UN MATIN AU JARDIN 100ML ROSE
21504227,"CRAY KHOL NOIR 81 LUM4 1,3gr",LAIT PARF F200 ML EVIDENCE,BLUSH SOLEIL CUIVRE ETE14 ANI LU4 2G,SVC PURETE SH 300 ML,GELEE HYDRAT YX HYDRA/VEG 15ML,CUBE DE BAIN MURE PN2 20G,BAUME LEVR SENT FRAMBOISE 4G,"FAP MONO 2013 CN3  TAUPE  ROSE  2,5G",SVC PIEDS SOS P ECHAUF T50ML,RIDES+FERMETE NUIT P50ml SV40
21514622,DOUCH GOMMANTE F ROUGES F200 ML,GD JDM4 PAMPLEMOUSSE FL 200ML,REPACK AR BIEN JOUR RC2 P 50ml,GELEE HYDRAT YX HYDRA/VEG 15ML,HUILE IP6 FL150 PROT VEG,MASCARA LONG NOIR 01 CN3 8ML,CR RESPLENDISS JR SPF20 SV50ml,CR JR PARF BIO.SPE AC.SENT.50ML,BRUME VITAMINEE PAMPLEMOUSSE ROSE FL50ML,"FAP MONO 2013 CN3  TAUPE  ROSE  2,5G"
69813934,GD JDM4 LAVANDIN DE PROVENCE 200ML,MSQ CRANBERRY BTE CROQUER T50,DOUCH GOMMANTE F ROUGES F200 ML,CD JDM4 COTON  FL 200ML,GD JDM4 PAMPLEMOUSSE FL 200ML,EDT EVIDENCE HOMME  VAPO 75ML,SVC EXFO GOMMAGE VEG T150ml,GD JDM LAVANDIN PROVENCE FL 200ML,SVC PURETE SH 300 ML,UMAJ LAIT MUGUET FL 200ML
71891681,EYE LINER NOIR CN3 2.5ML,REPACK AR BIEN JOUR RC2 P 50ml,SVC PURETE SH 300 ML,CUBE DE BAIN MURE PN2 20G,GLOSS SEXYPULP RGE SOMBRE 04 CN3 10ML,GEL NETT HYDRA VEG T125ML,GD GOMMANT VANILLE T200 ML,"FAP MONO 2013 CN3  TAUPE  ROSE  2,5G",SVC PIEDS SOS P ECHAUF T50ML,RIDES+FERMETE NUIT P50ml SV40
85057203,BLUSH SOLEIL CUIVRE ETE14 ANI LU4 2G,SVC EXFO GOMMAGE VEG T150ml,GLOSS SEXYPULP RGE SOMBRE 04 CN3 10ML,GEL NETT HYDRA VEG T125ML,CR RESPLENDISS JR SPF20 SV50ml,BAUME LEVR SENT FRAMBOISE 4G,GD GOMMANT VANILLE T200 ML,CR JR PARF BIO.SPE AC.SENT.50ML,SVC PIEDS SOS P ECHAUF T50ML,RIDES+FERMETE NUIT P50ml SV40
85841284,FDT 0/DEF BEIG200 CLAIR CN3 30,EDP EVIDENCE VAPO 100ML,SVC PIEDS BAUME REP T50ml,LAIT PARF F200 ML EVIDENCE,BLUSH SOLEIL CUIVRE ETE14 ANI LU4 2G,BD PN VANILLE FL50ML,EYE LINER NOIR CN3 2.5ML,EDP COMME UNE EVIDENCE VAPO SAC15ML OS13,SVC PURETE SH 300 ML,CUBE DE BAIN MURE PN2 20G
90822328,GEL LAVANT MAINS F200 FRUITS ROUGES,OMBRE+LINER LAPIS/LAZULI CN3 4ML,GD JDM4 LAVANDIN DE PROVENCE 200ML,RIDES+ECLAT CR NUIT P50ml SV40,EDP EVIDENCE VAPO 100ML,EDP COMME UNE EVIDENCE VAPO SAC15ML OS13,VAO CERISE NOIRE 32 LUM4 3ML,GLOSS SEXYPULP RGE SOMBRE 04 CN3 10ML,BAUME LEVR SENT FRAMBOISE 4G,GD GOMMANT VANILLE T200 ML
93806295,VAO RGE IMPRESSION 32 IT/CO AOU14 L4 3ML,VAO FUCHSIA 13 LUMINELLE4 3ML,LAIT PARF F200 ML EVIDENCE,EDP COMME UNE EVIDENCE VAPO SAC15ML OS13,REPACK AR BIEN JOUR RC2 P 50ml,VAO CERISE NOIRE 32 LUM4 3ML,GLOSS SEXYPULP RGE SOMBRE 04 CN3 10ML,MASCARA LONG NOIR 01 CN3 8ML,GEL NETT HYDRA VEG T125ML,BAUME LEVR SENT FRAMBOISE 4G
100023116,CD JDM4 COTON  FL 200ML,GD JDM4 PAMPLEMOUSSE FL 200ML,VAO FUCHSIA 13 LUMINELLE4 3ML,EDP COMME UNE EVIDENCE VAPO SAC15ML OS13,REPACK AR BIEN JOUR RC2 P 50ml,GD JDM LAVANDIN PROVENCE FL 200ML,GELEE HYDRAT YX HYDRA/VEG 15ML,EDT  UN MATIN AU JARDIN  100ML  MUGUET,BAUME LEVR SENT FRAMBOISE 4G,EYE LINER PRUNE06 CN3 2.5ML
100064590,LAIT PARF F200 ML EVIDENCE,BAUME NOUR CACAO FRAMB NOEL COLL 4G,REPACK AR BIEN JOUR RC2 P 50ml,CUBE DE BAIN MURE PN2 20G,GEL NETT HYDRA VEG T125ML,CR RESPLENDISS JR SPF20 SV50ml,EDT FRAMBOISE PN 20ML,EYE LINER PRUNE06 CN3 2.5ML,DEO JDM4 AMANDE FL 50 ML,RIDES+FERMETE NUIT P50ml SV40
126716008,EDP COMME UNE EVIDENCE VAPO SAC15ML OS13,BAUME NOUR CACAO FRAMB NOEL COLL 4G,MASCARA VOL VERTIGE BLEU CN3 9ML,GEL NETT HYDRA VEG T125ML,EDT  UN MATIN AU JARDIN  100ML  MUGUET,LAIT PECHE PN2 FL50ML,CR RESPLENDISS JR SPF20 SV50ml,EDT FRAMBOISE PN 20ML,DEO JDM4 AMANDE FL 50 ML,SVC PIEDS SOS P ECHAUF T50ML
131204016,GD JDM4 LAVANDIN DE PROVENCE 200ML,MASC SEXYPULP NOIR 01 CN3 9ML,BAUME TRAD DE HAM P150ml,BLUSH SOLEIL CUIVRE ETE14 ANI LU4 2G,EYE LINER NOIR CN3 2.5ML,GD JDM LAVANDIN PROVENCE FL 200ML,HUILE IP6 FL150 PROT VEG,GLOSS SEXYPULP RGE SOMBRE 04 CN3 10ML,GD GOMMANT VANILLE T200 ML,CR JR PARF BIO.SPE AC.SENT.50ML
169985247,EDT EVIDENCE HOMME  VAPO 75ML,BAUME TRAD DE HAM P150ml,VAO NUANC TURQUOIS 56 IT/CO AOU14 L4 3ML,REPACK AR BIEN JOUR RC2 P 50ml,GD JDM LAVANDIN PROVENCE FL 200ML,UMAJ LAIT MUGUET FL 200ML,BAUME LEVR SENT FRAMBOISE 4G,"FAP MONO 2013 CN3  TAUPE  ROSE  2,5G",DEO JDM4 AMANDE FL 50 ML,RIDES+FERMETE NUIT P50ml SV40
191914645,PC TEINT BEIGE MOYEN  10G LUMINELLE 4,CRAYON SOURCILS CHATAIN CN3 1.1G,GD 200ML AMBRE NOIR,GD GOMMANT FRAMBOISE T200 ML,GD JDM4 LAVANDIN DE PROVENCE 200ML,BD PN VANILLE FL50ML,CUBE DE BAIN MURE PN2 20G,GLOSS SEXYPULP RGE SOMBRE 04 CN3 10ML,CR RESPLENDISS JR SPF20 SV50ml,GD GOMMANT VANILLE T200 ML
195207210,NACRES LIBRES ROSES CN3 3G,RAL BRILL ROSE COCKTAIL32 CN3 3.5G,BOUCLES SHAMPOING SOIN 300ML SVC,GD JDM4 LAVANDIN DE PROVENCE 200ML,VAO FUCHSIA 13 LUMINELLE4 3ML,GD JDM LAVANDIN PROVENCE FL 200ML,GEL NETT HYDRA VEG T125ML,EDT FRAMBOISE PN 20ML,BRUME VITAMINEE PAMPLEMOUSSE ROSE FL50ML,DEO JDM4 AMANDE FL 50 ML
206111880,DOUCH GOMMANTE F ROUGES F200 ML,CD JDM4 COTON  FL 200ML,EDT EVIDENCE HOMME  VAPO 75ML,GEL DEFATIG ENERGIE FL 50ML,BLUSH SOLEIL CUIVRE ETE14 ANI LU4 2G,SVC EXFO GOMMAGE VEG T150ml,VAO CERISE NOIRE 32 LUM4 3ML,CUBE DE BAIN MURE PN2 20G,BAUME LEVR SENT FRAMBOISE 4G,CR JR PARF BIO.SPE AC.SENT.50ML
242424645,PORTE MINE BLEU FLASH 02 CN3 0.3G,SVC HYDRA 2EN1 ANTIREP Fl200ml,GD JDM4 LAVANDIN DE PROVENCE 200ML,BAUME TRAD DE HAM P150ml,LAIT PARF F200 ML EVIDENCE,BD PN VANILLE FL50ML,VAO NUANC TURQUOIS 56 IT/CO AOU14 L4 3ML,SVC PURETE SH 300 ML,VAO CERISE NOIRE 32 LUM4 3ML,CUBE DE BAIN MURE PN2 20G
243624087,BD PN VANILLE FL50ML,EYE LINER NOIR CN3 2.5ML,VAO NUANC TURQUOIS 56 IT/CO AOU14 L4 3ML,GELEE HYDRAT YX HYDRA/VEG 15ML,VAO CERISE NOIRE 32 LUM4 3ML,LAIT PECHE PN2 FL50ML,CR RESPLENDISS JR SPF20 SV50ml,ZERO TRACE SPRAY SPF 15 FL150,EYE LINER PRUNE06 CN3 2.5ML,EDT UN MATIN AU JARDIN 100ML ROSE
275493987,GD JDM4 PAMPLEMOUSSE FL 200ML,EAU MICELLAIRE HYDRATANTE 200ML,SVC PIEDS BAUME REP T50ml,LAIT PARF F200 ML EVIDENCE,SVC EXFO GOMMAGE VEG T150ml,BAUME NOUR LEV FRUITS NOIRS OS14 4G,CUBE DE BAIN MURE PN2 20G,EDT  UN MATIN AU JARDIN  100ML  MUGUET,LAIT COCO PN2 FL50ML,SVC PIEDS SOS P ECHAUF T50ML
300240190,RAL BRILL ROSE COCKTAIL32 CN3 3.5G,BOUCLES SHAMPOING SOIN 300ML SVC,CREME MAINS FRUITS NOIRS T75 ML,SVC HYDRA 2EN1 ANTIREP Fl200ml,GD JDM4 LAVANDIN DE PROVENCE 200ML,EDP EVIDENCE VAPO 100ML,EDP COMME UNE EVIDENCE VAPO SAC15ML OS13,BAUME NOUR CACAO FRAMB NOEL COLL 4G,ZERO TRACE SPRAY SPF 15 FL150,"FAP MONO 2013 CN3  TAUPE  ROSE  2,5G"
321933797,BLUSH SOLEIL CUIVRE ETE14 ANI LU4 2G,EDP COMME UNE EVIDENCE VAPO SAC15ML OS13,BAUME NOUR CACAO FRAMB NOEL COLL 4G,REPACK AR BIEN JOUR RC2 P 50ml,CUBE DE BAIN MURE PN2 20G,MASCARA LONG NOIR 01 CN3 8ML,GEL NETT HYDRA VEG T125ML,EDT  UN MATIN AU JARDIN  100ML  MUGUET,LAIT PECHE PN2 FL50ML,LAIT COCO PN2 FL50ML
336948609,GELEE PROTECTYL APSOL T150,CORRECT A LA ROSE TT CLAIR CN3 5G,LAIT PARF F200 ML EVIDENCE,BLUSH SOLEIL CUIVRE ETE14 ANI LU4 2G,BAUME NOUR CACAO FRAMB NOEL COLL 4G,REPACK AR BIEN JOUR RC2 P 50ml,GELEE HYDRAT YX HYDRA/VEG 15ML,EDT  UN MATIN AU JARDIN  100ML  MUGUET,UMAJ LAIT MUGUET FL 200ML,GD GOMMANT VANILLE T200 ML
354587579,"GLOSS PRALINE 71 LUM4 4,5ML",EDP EVIDENCE VAPO 100ML,GD JDM4 PAMPLEMOUSSE FL 200ML,VAO FUCHSIA 13 LUMINELLE4 3ML,SVC PURETE SH 300 ML,GEL NETT HYDRA VEG T125ML,CR RESPLENDISS JR SPF20 SV50ml,BAUME LEVR SENT FRAMBOISE 4G,DEO JDM4 AMANDE FL 50 ML,EDT UN MATIN AU JARDIN 100ML ROSE
355512954,MASC WATER NOIR 01 AX/SO CN3 9ML,"GLOSS PRALINE 71 LUM4 4,5ML",VAO FUCHSIA 13 LUMINELLE4 3ML,EYE LINER NOIR CN3 2.5ML,EDP COMME UNE EVIDENCE VAPO SAC15ML OS13,MASCARA VOL VERTIGE BLEU CN3 9ML,GD JDM LAVANDIN PROVENCE FL 200ML,"FAP MONO 2013 CN3  TAUPE  ROSE  2,5G",DEO JDM4 AMANDE FL 50 ML,RIDES+FERMETE NUIT P50ml SV40
356832238,EDT FRAISE PN2 100ML VPM,RIDES+ECLAT CR NUIT P50ml SV40,MSQ CRANBERRY BTE CROQUER T50,CD JDM4 COTON  FL 200ML,EDP EVIDENCE VAPO 100ML,REPACK AR BIEN JOUR RC2 P 50ml,CUBE DE BAIN MURE PN2 20G,GLOSS SEXYPULP RGE SOMBRE 04 CN3 10ML,UMAJ LAIT MUGUET FL 200ML,LAIT PECHE PN2 FL50ML
356998310,VAO FUCHSIA 13 LUMINELLE4 3ML,BAUME NOUR CACAO FRAMB NOEL COLL 4G,BAUME NOUR LEV FRUITS NOIRS OS14 4G,SVC PURETE SH 300 ML,VAO CERISE NOIRE 32 LUM4 3ML,MASCARA LONG NOIR 01 CN3 8ML,LAIT PECHE PN2 FL50ML,CR RESPLENDISS JR SPF20 SV50ml,EDT FRAMBOISE PN 20ML,CR JR PARF BIO.SPE AC.SENT.50ML
358464805,MSQ CRANBERRY BTE CROQUER T50,DOUCH GOMMANTE F ROUGES F200 ML,EDP EVIDENCE VAPO 100ML,LAIT PARF F200 ML EVIDENCE,GD JDM LAVANDIN PROVENCE FL 200ML,VAO CERISE NOIRE 32 LUM4 3ML,LAIT ROSE FP FL200ML,LAIT PECHE PN2 FL50ML,GD GOMMANT VANILLE T200 ML,BRUME VITAMINEE PAMPLEMOUSSE ROSE FL50ML
359489151,LAIT PARF F200 ML EVIDENCE,EDP COMME UNE EVIDENCE VAPO SAC15ML OS13,VAO NUANC TURQUOIS 56 IT/CO AOU14 L4 3ML,GD JDM LAVANDIN PROVENCE FL 200ML,VAO CERISE NOIRE 32 LUM4 3ML,GLOSS SEXYPULP RGE SOMBRE 04 CN3 10ML,LAIT PECHE PN2 FL50ML,CR RESPLENDISS JR SPF20 SV50ml,BAUME LEVR SENT FRAMBOISE 4G,GD GOMMANT VANILLE T200 ML
360340862,CD JDM4 COTON  FL 200ML,"GLOSS PRALINE 71 LUM4 4,5ML",EDP EVIDENCE VAPO 100ML,EDT EVIDENCE HOMME  VAPO 75ML,EDP COMME UNE EVIDENCE VAPO SAC15ML OS13,BAUME NOUR LEV FRUITS NOIRS OS14 4G,GELEE HYDRAT YX HYDRA/VEG 15ML,CUBE DE BAIN MURE PN2 20G,GLOSS SEXYPULP RGE SOMBRE 04 CN3 10ML,EYE LINER PRUNE06 CN3 2.5ML
360778261,"GLOSS PRALINE 71 LUM4 4,5ML",EDT EVIDENCE HOMME  VAPO 75ML,LAIT PARF F200 ML EVIDENCE,EYE LINER NOIR CN3 2.5ML,BAUME NOUR CACAO FRAMB NOEL COLL 4G,LAIT ROSE FP FL200ML,EDT  UN MATIN AU JARDIN  100ML  MUGUET,BAUME LEVR SENT FRAMBOISE 4G,BRUME VITAMINEE PAMPLEMOUSSE ROSE FL50ML,RIDES+FERMETE NUIT P50ml SV40
362128564,BLUSH SOLEIL CUIVRE ETE14 ANI LU4 2G,BAUME NOUR CACAO FRAMB NOEL COLL 4G,REPACK AR BIEN JOUR RC2 P 50ml,SVC PURETE SH 300 ML,LAIT ROSE FP FL200ML,HUILE IP6 FL150 PROT VEG,GLOSS SEXYPULP RGE SOMBRE 04 CN3 10ML,MASCARA LONG NOIR 01 CN3 8ML,GEL NETT HYDRA VEG T125ML,EDT UN MATIN AU JARDIN 100ML ROSE
364610105,"CRAY KHOL NOIR 81 LUM4 1,3gr",GEL DEFATIG ENERGIE FL 50ML,BLUSH SOLEIL CUIVRE ETE14 ANI LU4 2G,EDP COMME UNE EVIDENCE VAPO SAC15ML OS13,VAO NUANC TURQUOIS 56 IT/CO AOU14 L4 3ML,REPACK AR BIEN JOUR RC2 P 50ml,LAIT ROSE FP FL200ML,EDT  UN MATIN AU JARDIN  100ML  MUGUET,CR RESPLENDISS JR SPF20 SV50ml,CR JR PARF BIO.SPE AC.SENT.50ML
365845758,FAP ENLUMINEUR B LANC NEIGE 2G LUM 4 VPM,SPRAY IP50+ PROTECT VEG  FLP150ml,MSQ CRANBERRY BTE CROQUER T50,MASCARA VOL VERTIGE BLEU CN3 9ML,GELEE HYDRAT YX HYDRA/VEG 15ML,CR RESPLENDISS JR SPF20 SV50ml,BRUME VITAMINEE PAMPLEMOUSSE ROSE FL50ML,LAIT COCO PN2 FL50ML,DEO JDM4 AMANDE FL 50 ML,SVC PIEDS SOS P ECHAUF T50ML
366515154,"CRAY KHOL NOIR 81 LUM4 1,3gr",BAUME TRAD DE HAM P150ml,EYE LINER NOIR CN3 2.5ML,GD JDM LAVANDIN PROVENCE FL 200ML,SVC PURETE SH 300 ML,CR RESPLENDISS JR SPF20 SV50ml,EDT FRAMBOISE PN 20ML,BAUME LEVR SENT FRAMBOISE 4G,"FAP MONO 2013 CN3  TAUPE  ROSE  2,5G",DEO JDM4 AMANDE FL 50 ML
372228560,VAO ROSE PASTEL 11 LUM4 3ML,MSQ CRANBERRY BTE CROQUER T50,D LOTUS DU LAOS JDM3 200ML,VAO FUCHSIA 13 LUMINELLE4 3ML,BAUME TRAD DE HAM P150ml,GEL DEFATIG ENERGIE FL 50ML,EDP COMME UNE EVIDENCE VAPO SAC15ML OS13,MASCARA VOL VERTIGE BLEU CN3 9ML,CR JR PARF BIO.SPE AC.SENT.50ML,BRUME VITAMINEE PAMPLEMOUSSE ROSE FL50ML
372367788,SVC PURETE SH 300 ML,LAIT ROSE FP FL200ML,CUBE DE BAIN MURE PN2 20G,GLOSS SEXYPULP RGE SOMBRE 04 CN3 10ML,ZERO TRACE SPRAY SPF 15 FL150,GD GOMMANT VANILLE T200 ML,CR JR PARF BIO.SPE AC.SENT.50ML,BRUME VITAMINEE PAMPLEMOUSSE ROSE FL50ML,LAIT COCO PN2 FL50ML,SVC PIEDS SOS P ECHAUF T50ML
372402389,"GLOSS PRALINE 71 LUM4 4,5ML",EDT EVIDENCE HOMME  VAPO 75ML,LAIT PARF F200 ML EVIDENCE,VAO NUANC TURQUOIS 56 IT/CO AOU14 L4 3ML,GD JDM LAVANDIN PROVENCE FL 200ML,GELEE HYDRAT YX HYDRA/VEG 15ML,LAIT ROSE FP FL200ML,HUILE IP6 FL150 PROT VEG,MASCARA LONG NOIR 01 CN3 8ML,LAIT PECHE PN2 FL50ML
372658871,GD GOMMANT FRAMBOISE T200 ML,RIDES+ECLAT CR NUIT P50ml SV40,DOUCH GOMMANTE F ROUGES F200 ML,CD JDM4 COTON  FL 200ML,SVC EXFO GOMMAGE VEG T150ml,LAIT ROSE FP FL200ML,CUBE DE BAIN MURE PN2 20G,LAIT PECHE PN2 FL50ML,GD GOMMANT VANILLE T200 ML,EYE LINER PRUNE06 CN3 2.5ML
373876169,GD JDM4 LAVANDIN DE PROVENCE 200ML,VAO ROSE PASTEL 11 LUM4 3ML,MASC SEXYPULP NOIR 01 CN3 9ML,EDP EVIDENCE VAPO 100ML,GEL DEFATIG ENERGIE FL 50ML,EDP COMME UNE EVIDENCE VAPO SAC15ML OS13,CR RESPLENDISS JR SPF20 SV50ml,BAUME LEVR SENT FRAMBOISE 4G,CR JR PARF BIO.SPE AC.SENT.50ML,SVC PIEDS SOS P ECHAUF T50ML
374498062,GD JDM4 PAMPLEMOUSSE FL 200ML,EDT EVIDENCE HOMME  VAPO 75ML,BLUSH SOLEIL CUIVRE ETE14 ANI LU4 2G,BAUME NOUR CACAO FRAMB NOEL COLL 4G,REPACK AR BIEN JOUR RC2 P 50ml,SVC PURETE SH 300 ML,HUILE IP6 FL150 PROT VEG,EDT  UN MATIN AU JARDIN  100ML  MUGUET,UMAJ LAIT MUGUET FL 200ML,"FAP MONO 2013 CN3  TAUPE  ROSE  2,5G"
375178968,EAU MICELLAIRE HYDRATANTE 200ML,"CRAY KHOL NOIR 81 LUM4 1,3gr",LAIT PARF F200 ML EVIDENCE,SVC EXFO GOMMAGE VEG T150ml,BAUME NOUR LEV FRUITS NOIRS OS14 4G,HUILE IP6 FL150 PROT VEG,UMAJ LAIT MUGUET FL 200ML,BAUME LEVR SENT FRAMBOISE 4G,BRUME VITAMINEE PAMPLEMOUSSE ROSE FL50ML,EDT UN MATIN AU JARDIN 100ML ROSE
376616710,GD JDM4 PAMPLEMOUSSE FL 200ML,SVC PIEDS BAUME REP T50ml,"CRAY KHOL NOIR 81 LUM4 1,3gr",EDP COMME UNE EVIDENCE VAPO SAC15ML OS13,BAUME NOUR LEV FRUITS NOIRS OS14 4G,REPACK AR BIEN JOUR RC2 P 50ml,ZERO TRACE SPRAY SPF 15 FL150,GD GOMMANT VANILLE T200 ML,EYE LINER PRUNE06 CN3 2.5ML,LAIT COCO PN2 FL50ML
376679774,BLUSH SOLEIL CUIVRE ETE14 ANI LU4 2G,SVC PURETE SH 300 ML,CUBE DE BAIN MURE PN2 20G,UMAJ LAIT MUGUET FL 200ML,LAIT PECHE PN2 FL50ML,ZERO TRACE SPRAY SPF 15 FL150,EDT FRAMBOISE PN 20ML,CR JR PARF BIO.SPE AC.SENT.50ML,LAIT COCO PN2 FL50ML,"FAP MONO 2013 CN3  TAUPE  ROSE  2,5G"
377424198,VAO FUCHSIA 13 LUMINELLE4 3ML,"CRAY KHOL NOIR 81 LUM4 1,3gr",EYE LINER NOIR CN3 2.5ML,BAUME NOUR CACAO FRAMB NOEL COLL 4G,BAUME NOUR LEV FRUITS NOIRS OS14 4G,MASCARA VOL VERTIGE BLEU CN3 9ML,LAIT ROSE FP FL200ML,LAIT PECHE PN2 FL50ML,EYE LINER PRUNE06 CN3 2.5ML,EDT UN MATIN AU JARDIN 100ML ROSE
377526421,CORRECT A LA ROSE TT CLAIR CN3 5G,VAO RGE IMPRESSION 32 IT/CO AOU14 L4 3ML,"CRAY KHOL NOIR 81 LUM4 1,3gr",EDP COMME UNE EVIDENCE VAPO SAC15ML OS13,MASCARA VOL VERTIGE BLEU CN3 9ML,HUILE IP6 FL150 PROT VEG,GD GOMMANT VANILLE T200 ML,LAIT COCO PN2 FL50ML,SVC PIEDS SOS P ECHAUF T50ML,EDT UN MATIN AU JARDIN 100ML ROSE
377897004,MASCARA VOL VERTIGE BLEU CN3 9ML,GD JDM LAVANDIN PROVENCE FL 200ML,SVC PURETE SH 300 ML,GELEE HYDRAT YX HYDRA/VEG 15ML,CUBE DE BAIN MURE PN2 20G,MASCARA LONG NOIR 01 CN3 8ML,GEL NETT HYDRA VEG T125ML,GD GOMMANT VANILLE T200 ML,BRUME VITAMINEE PAMPLEMOUSSE ROSE FL50ML,DEO JDM4 AMANDE FL 50 ML
379033690,CREME MAINS FRUITS NOIRS T75 ML,VAO ROSE PASTEL 11 LUM4 3ML,CORRECT A LA ROSE TT CLAIR CN3 5G,CD JDM4 COTON  FL 200ML,GEL DEFATIG ENERGIE FL 50ML,VAO NUANC TURQUOIS 56 IT/CO AOU14 L4 3ML,MASCARA VOL VERTIGE BLEU CN3 9ML,HUILE IP6 FL150 PROT VEG,EDT FRAMBOISE PN 20ML,"FAP MONO 2013 CN3  TAUPE  ROSE  2,5G"
379341548,GD 200ML AMBRE NOIR,GD JDM4 LAVANDIN DE PROVENCE 200ML,FDT 0/DEF BEIG200 CLAIR CN3 30,SVC PIEDS BAUME REP T50ml,"CRAY KHOL NOIR 81 LUM4 1,3gr",BLUSH SOLEIL CUIVRE ETE14 ANI LU4 2G,MASCARA VOL VERTIGE BLEU CN3 9ML,LAIT ROSE FP FL200ML,EDT FRAMBOISE PN 20ML,BAUME LEVR SENT FRAMBOISE 4G
379731029,RAL BRILL ROSE COCKTAIL32 CN3 3.5G,GEL DOUCEUR MAINS HAMAM FL300ML,BD PN VANILLE FL50ML,EDP COMME UNE EVIDENCE VAPO SAC15ML OS13,VAO NUANC TURQUOIS 56 IT/CO AOU14 L4 3ML,GD JDM LAVANDIN PROVENCE FL 200ML,GLOSS SEXYPULP RGE SOMBRE 04 CN3 10ML,UMAJ LAIT MUGUET FL 200ML,CR RESPLENDISS JR SPF20 SV50ml,EDT FRAMBOISE PN 20ML
379770712,CD JDM4 COTON  FL 200ML,GEL DEFATIG ENERGIE FL 50ML,BD PN VANILLE FL50ML,VAO NUANC TURQUOIS 56 IT/CO AOU14 L4 3ML,GELEE HYDRAT YX HYDRA/VEG 15ML,MASCARA LONG NOIR 01 CN3 8ML,EDT  UN MATIN AU JARDIN  100ML  MUGUET,LAIT PECHE PN2 FL50ML,EDT FRAMBOISE PN 20ML,BRUME VITAMINEE PAMPLEMOUSSE ROSE FL50ML
380273582,SVC EXFO GOMMAGE VEG T150ml,BAUME NOUR LEV FRUITS NOIRS OS14 4G,MASCARA VOL VERTIGE BLEU CN3 9ML,GELEE HYDRAT YX HYDRA/VEG 15ML,HUILE IP6 FL150 PROT VEG,EDT  UN MATIN AU JARDIN  100ML  MUGUET,UMAJ LAIT MUGUET FL 200ML,GD GOMMANT VANILLE T200 ML,DEO JDM4 AMANDE FL 50 ML,EDT UN MATIN AU JARDIN 100ML ROSE
380648947,GELEE PROTECTYL APSOL T150,VAO RGE IMPRESSION 32 IT/CO AOU14 L4 3ML,LAIT PARF F200 ML EVIDENCE,EDP COMME UNE EVIDENCE VAPO SAC15ML OS13,CUBE DE BAIN MURE PN2 20G,MASCARA LONG NOIR 01 CN3 8ML,GEL NETT HYDRA VEG T125ML,GD GOMMANT VANILLE T200 ML,EYE LINER PRUNE06 CN3 2.5ML,BRUME VITAMINEE PAMPLEMOUSSE ROSE FL50ML
380922485,VAO FUCHSIA 13 LUMINELLE4 3ML,BLUSH SOLEIL CUIVRE ETE14 ANI LU4 2G,BD PN VANILLE FL50ML,SVC PURETE SH 300 ML,VAO CERISE NOIRE 32 LUM4 3ML,MASCARA LONG NOIR 01 CN3 8ML,ZERO TRACE SPRAY SPF 15 FL150,BAUME LEVR SENT FRAMBOISE 4G,SVC PIEDS SOS P ECHAUF T50ML,RIDES+FERMETE NUIT P50ml SV40
382969442,LOTION FLORALE PC 200ML,VAO PASTEL PARME 03 MANUC CN3 5.5ML,MASC SEXYPULP NOIR 01 CN3 9ML,"GLOSS PRALINE 71 LUM4 4,5ML",SVC PIEDS BAUME REP T50ml,GEL DEFATIG ENERGIE FL 50ML,LAIT PARF F200 ML EVIDENCE,ZERO TRACE SPRAY SPF 15 FL150,BRUME VITAMINEE PAMPLEMOUSSE ROSE FL50ML,SVC PIEDS SOS P ECHAUF T50ML
382981257,EAU MICELLAIRE HYDRATANTE 200ML,SVC PIEDS BAUME REP T50ml,BLUSH SOLEIL CUIVRE ETE14 ANI LU4 2G,GELEE HYDRAT YX HYDRA/VEG 15ML,HUILE IP6 FL150 PROT VEG,CUBE DE BAIN MURE PN2 20G,MASCARA LONG NOIR 01 CN3 8ML,GEL NETT HYDRA VEG T125ML,LAIT PECHE PN2 FL50ML,DEO JDM4 AMANDE FL 50 ML
383061124,CD JDM4 MAGNOLIA FL 200ML,CR CORPS FONDANTE P150ml NOEL1,OMBRE+LINER LAPIS/LAZULI CN3 4ML,RIDES+ECLAT CR NUIT P50ml SV40,EDT EVIDENCE HOMME  VAPO 75ML,LAIT PECHE PN2 FL50ML,CR RESPLENDISS JR SPF20 SV50ml,EDT FRAMBOISE PN 20ML,BAUME LEVR SENT FRAMBOISE 4G,DEO JDM4 AMANDE FL 50 ML
383066678,EYE LINER NOIR CN3 2.5ML,SVC EXFO GOMMAGE VEG T150ml,VAO NUANC TURQUOIS 56 IT/CO AOU14 L4 3ML,GELEE HYDRAT YX HYDRA/VEG 15ML,HUILE IP6 FL150 PROT VEG,GLOSS SEXYPULP RGE SOMBRE 04 CN3 10ML,BAUME LEVR SENT FRAMBOISE 4G,GD GOMMANT VANILLE T200 ML,CR JR PARF BIO.SPE AC.SENT.50ML,RIDES+FERMETE NUIT P50ml SV40
383922927,VAO RGE IMPRESSION 32 IT/CO AOU14 L4 3ML,GD JDM4 PAMPLEMOUSSE FL 200ML,SVC PIEDS BAUME REP T50ml,"CRAY KHOL NOIR 81 LUM4 1,3gr",MASCARA VOL VERTIGE BLEU CN3 9ML,EDT  UN MATIN AU JARDIN  100ML  MUGUET,LAIT PECHE PN2 FL50ML,BRUME VITAMINEE PAMPLEMOUSSE ROSE FL50ML,LAIT COCO PN2 FL50ML,DEO JDM4 AMANDE FL 50 ML
384219852,D LOTUS DU LAOS JDM3 200ML,MASC SEXYPULP NOIR 01 CN3 9ML,CD JDM4 COTON  FL 200ML,"GLOSS PRALINE 71 LUM4 4,5ML",GD JDM4 PAMPLEMOUSSE FL 200ML,EDT EVIDENCE HOMME  VAPO 75ML,GELEE HYDRAT YX HYDRA/VEG 15ML,EDT  UN MATIN AU JARDIN  100ML  MUGUET,DEO JDM4 AMANDE FL 50 ML,RIDES+FERMETE NUIT P50ml SV40
384597572,LAIT ROSE FP FL200ML,CUBE DE BAIN MURE PN2 20G,GLOSS SEXYPULP RGE SOMBRE 04 CN3 10ML,EDT  UN MATIN AU JARDIN  100ML  MUGUET,UMAJ LAIT MUGUET FL 200ML,LAIT PECHE PN2 FL50ML,CR RESPLENDISS JR SPF20 SV50ml,ZERO TRACE SPRAY SPF 15 FL150,GD GOMMANT VANILLE T200 ML,EDT UN MATIN AU JARDIN 100ML ROSE
384887650,REPACK AR BIEN JOUR RC2 P 50ml,GD JDM LAVANDIN PROVENCE FL 200ML,SVC PURETE SH 300 ML,EDT  UN MATIN AU JARDIN  100ML  MUGUET,UMAJ LAIT MUGUET FL 200ML,ZERO TRACE SPRAY SPF 15 FL150,BAUME LEVR SENT FRAMBOISE 4G,CR JR PARF BIO.SPE AC.SENT.50ML,RIDES+FERMETE NUIT P50ml SV40,EDT UN MATIN AU JARDIN 100ML ROSE
385663785,LAIT PARF F200 ML EVIDENCE,BLUSH SOLEIL CUIVRE ETE14 ANI LU4 2G,MASCARA VOL VERTIGE BLEU CN3 9ML,SVC PURETE SH 300 ML,LAIT ROSE FP FL200ML,GLOSS SEXYPULP RGE SOMBRE 04 CN3 10ML,EDT  UN MATIN AU JARDIN  100ML  MUGUET,LAIT PECHE PN2 FL50ML,ZERO TRACE SPRAY SPF 15 FL150,RIDES+FERMETE NUIT P50ml SV40
385760870,GD JDM4 PAMPLEMOUSSE FL 200ML,SVC PIEDS BAUME REP T50ml,GEL DEFATIG ENERGIE FL 50ML,GELEE HYDRAT YX HYDRA/VEG 15ML,CUBE DE BAIN MURE PN2 20G,GEL NETT HYDRA VEG T125ML,EDT  UN MATIN AU JARDIN  100ML  MUGUET,GD GOMMANT VANILLE T200 ML,CR JR PARF BIO.SPE AC.SENT.50ML,EDT UN MATIN AU JARDIN 100ML ROSE
386310148,GEL DEFATIG ENERGIE FL 50ML,BLUSH SOLEIL CUIVRE ETE14 ANI LU4 2G,BD PN VANILLE FL50ML,EYE LINER NOIR CN3 2.5ML,BAUME NOUR LEV FRUITS NOIRS OS14 4G,MASCARA LONG NOIR 01 CN3 8ML,BAUME LEVR SENT FRAMBOISE 4G,EYE LINER PRUNE06 CN3 2.5ML,CR JR PARF BIO.SPE AC.SENT.50ML,SVC PIEDS SOS P ECHAUF T50ML
387432999,MASC SEXYPULP NOIR 01 CN3 9ML,EDP EVIDENCE VAPO 100ML,"CRAY KHOL NOIR 81 LUM4 1,3gr",LAIT PARF F200 ML EVIDENCE,EYE LINER NOIR CN3 2.5ML,BAUME NOUR CACAO FRAMB NOEL COLL 4G,SVC EXFO GOMMAGE VEG T150ml,GELEE HYDRAT YX HYDRA/VEG 15ML,EDT FRAMBOISE PN 20ML,GD GOMMANT VANILLE T200 ML
387473292,VAO FUCHSIA 13 LUMINELLE4 3ML,SVC PIEDS BAUME REP T50ml,BLUSH SOLEIL CUIVRE ETE14 ANI LU4 2G,LAIT ROSE FP FL200ML,CUBE DE BAIN MURE PN2 20G,UMAJ LAIT MUGUET FL 200ML,CR RESPLENDISS JR SPF20 SV50ml,EDT FRAMBOISE PN 20ML,"FAP MONO 2013 CN3  TAUPE  ROSE  2,5G",DEO JDM4 AMANDE FL 50 ML
389021849,EDP COMME UNE EVIDENCE VAPO SAC15ML OS13,SVC EXFO GOMMAGE VEG T150ml,VAO NUANC TURQUOIS 56 IT/CO AOU14 L4 3ML,GD JDM LAVANDIN PROVENCE FL 200ML,LAIT ROSE FP FL200ML,GLOSS SEXYPULP RGE SOMBRE 04 CN3 10ML,LAIT PECHE PN2 FL50ML,EDT FRAMBOISE PN 20ML,BAUME LEVR SENT FRAMBOISE 4G,SVC PIEDS SOS P ECHAUF T50ML
389163338,DOUCH GOMMANTE F ROUGES F200 ML,"GLOSS PRALINE 71 LUM4 4,5ML",BLUSH SOLEIL CUIVRE ETE14 ANI LU4 2G,EDP COMME UNE EVIDENCE VAPO SAC15ML OS13,HUILE IP6 FL150 PROT VEG,UMAJ LAIT MUGUET FL 200ML,CR RESPLENDISS JR SPF20 SV50ml,BAUME LEVR SENT FRAMBOISE 4G,GD GOMMANT VANILLE T200 ML,EDT UN MATIN AU JARDIN 100ML ROSE
389725384,GELEE PROTECTYL APSOL T150,BOUCLES SHAMPOING SOIN 300ML SVC,CREME MAINS FRUITS NOIRS T75 ML,VAO RGE IMPRESSION 32 IT/CO AOU14 L4 3ML,VAO FUCHSIA 13 LUMINELLE4 3ML,BAUME NOUR LEV FRUITS NOIRS OS14 4G,UMAJ LAIT MUGUET FL 200ML,GD GOMMANT VANILLE T200 ML,EYE LINER PRUNE06 CN3 2.5ML,SVC PIEDS SOS P ECHAUF T50ML
389982892,EDT FRAISE PN2 100ML VPM,FDT 0/DEF BEIG200 CLAIR CN3 30,CORRECT A LA ROSE TT CLAIR CN3 5G,DOUCH GOMMANTE F ROUGES F200 ML,SVC PIEDS BAUME REP T50ml,SVC PURETE SH 300 ML,LAIT ROSE FP FL200ML,UMAJ LAIT MUGUET FL 200ML,LAIT COCO PN2 FL50ML,DEO JDM4 AMANDE FL 50 ML
390182509,BLUSH SOLEIL CUIVRE ETE14 ANI LU4 2G,BAUME NOUR LEV FRUITS NOIRS OS14 4G,SVC PURETE SH 300 ML,LAIT ROSE FP FL200ML,MASCARA LONG NOIR 01 CN3 8ML,EDT  UN MATIN AU JARDIN  100ML  MUGUET,UMAJ LAIT MUGUET FL 200ML,BAUME LEVR SENT FRAMBOISE 4G,LAIT COCO PN2 FL50ML,DEO JDM4 AMANDE FL 50 ML
390189439,LAIT PARF F200 ML EVIDENCE,MASCARA VOL VERTIGE BLEU CN3 9ML,SVC PURETE SH 300 ML,MASCARA LONG NOIR 01 CN3 8ML,UMAJ LAIT MUGUET FL 200ML,CR RESPLENDISS JR SPF20 SV50ml,BAUME LEVR SENT FRAMBOISE 4G,EYE LINER PRUNE06 CN3 2.5ML,LAIT COCO PN2 FL50ML,SVC PIEDS SOS P ECHAUF T50ML
390210524,BD PN VANILLE FL50ML,BAUME NOUR CACAO FRAMB NOEL COLL 4G,SVC EXFO GOMMAGE VEG T150ml,VAO NUANC TURQUOIS 56 IT/CO AOU14 L4 3ML,MASCARA LONG NOIR 01 CN3 8ML,ZERO TRACE SPRAY SPF 15 FL150,BAUME LEVR SENT FRAMBOISE 4G,EYE LINER PRUNE06 CN3 2.5ML,CR JR PARF BIO.SPE AC.SENT.50ML,BRUME VITAMINEE PAMPLEMOUSSE ROSE FL50ML
390457373,CD JDM4 COTON  FL 200ML,EAU MICELLAIRE HYDRATANTE 200ML,LAIT PARF F200 ML EVIDENCE,BLUSH SOLEIL CUIVRE ETE14 ANI LU4 2G,EYE LINER NOIR CN3 2.5ML,EDP COMME UNE EVIDENCE VAPO SAC15ML OS13,MASCARA VOL VERTIGE BLEU CN3 9ML,GD JDM LAVANDIN PROVENCE FL 200ML,GEL NETT HYDRA VEG T125ML,EDT UN MATIN AU JARDIN 100ML ROSE
390916120,"CRAY KHOL NOIR 81 LUM4 1,3gr",GEL DEFATIG ENERGIE FL 50ML,BLUSH SOLEIL CUIVRE ETE14 ANI LU4 2G,BD PN VANILLE FL50ML,EYE LINER NOIR CN3 2.5ML,MASCARA VOL VERTIGE BLEU CN3 9ML,VAO CERISE NOIRE 32 LUM4 3ML,LAIT ROSE FP FL200ML,GLOSS SEXYPULP RGE SOMBRE 04 CN3 10ML,ZERO TRACE SPRAY SPF 15 FL150
390926961,VAO ROSE PASTEL 11 LUM4 3ML,MSQ CRANBERRY BTE CROQUER T50,FDT 0/DEF BEIG200 CLAIR CN3 30,SVC PIEDS BAUME REP T50ml,EDT EVIDENCE HOMME  VAPO 75ML,MASCARA VOL VERTIGE BLEU CN3 9ML,HUILE IP6 FL150 PROT VEG,MASCARA LONG NOIR 01 CN3 8ML,GEL NETT HYDRA VEG T125ML,EYE LINER PRUNE06 CN3 2.5ML
391201942,VAO RGE IMPRESSION 32 IT/CO AOU14 L4 3ML,"GLOSS PRALINE 71 LUM4 4,5ML",VAO FUCHSIA 13 LUMINELLE4 3ML,MASCARA VOL VERTIGE BLEU CN3 9ML,GELEE HYDRAT YX HYDRA/VEG 15ML,LAIT ROSE FP FL200ML,GLOSS SEXYPULP RGE SOMBRE 04 CN3 10ML,CR RESPLENDISS JR SPF20 SV50ml,EYE LINER PRUNE06 CN3 2.5ML,RIDES+FERMETE NUIT P50ml SV40
391365450,PC TEINT BEIGE MOYEN  10G LUMINELLE 4,BOUCLES SHAMPOING SOIN 300ML SVC,VAO RGE IMPRESSION 32 IT/CO AOU14 L4 3ML,CD JDM4 COTON  FL 200ML,EAU MICELLAIRE HYDRATANTE 200ML,"CRAY KHOL NOIR 81 LUM4 1,3gr",BAUME NOUR CACAO FRAMB NOEL COLL 4G,REPACK AR BIEN JOUR RC2 P 50ml,MASCARA LONG NOIR 01 CN3 8ML,CR JR PARF BIO.SPE AC.SENT.50ML
391832994,CD JDM4 COTON  FL 200ML,BAUME TRAD DE HAM P150ml,GEL DEFATIG ENERGIE FL 50ML,EYE LINER NOIR CN3 2.5ML,EDP COMME UNE EVIDENCE VAPO SAC15ML OS13,SVC EXFO GOMMAGE VEG T150ml,GLOSS SEXYPULP RGE SOMBRE 04 CN3 10ML,GEL NETT HYDRA VEG T125ML,LAIT COCO PN2 FL50ML,DEO JDM4 AMANDE FL 50 ML
392034500,VAO NUANC TURQUOIS 56 IT/CO AOU14 L4 3ML,CUBE DE BAIN MURE PN2 20G,GEL NETT HYDRA VEG T125ML,LAIT PECHE PN2 FL50ML,ZERO TRACE SPRAY SPF 15 FL150,BAUME LEVR SENT FRAMBOISE 4G,CR JR PARF BIO.SPE AC.SENT.50ML,BRUME VITAMINEE PAMPLEMOUSSE ROSE FL50ML,SVC PIEDS SOS P ECHAUF T50ML,RIDES+FERMETE NUIT P50ml SV40
392363973,RIDES+ECLAT CR NUIT P50ml SV40,MSQ CRANBERRY BTE CROQUER T50,FDT 0/DEF BEIG200 CLAIR CN3 30,GD JDM4 PAMPLEMOUSSE FL 200ML,VAO FUCHSIA 13 LUMINELLE4 3ML,GELEE HYDRAT YX HYDRA/VEG 15ML,VAO CERISE NOIRE 32 LUM4 3ML,GLOSS SEXYPULP RGE SOMBRE 04 CN3 10ML,BRUME VITAMINEE PAMPLEMOUSSE ROSE FL50ML,EDT UN MATIN AU JARDIN 100ML ROSE
396251217,SVC PIEDS BAUME REP T50ml,BAUME NOUR CACAO FRAMB NOEL COLL 4G,VAO NUANC TURQUOIS 56 IT/CO AOU14 L4 3ML,BAUME NOUR LEV FRUITS NOIRS OS14 4G,REPACK AR BIEN JOUR RC2 P 50ml,GD JDM LAVANDIN PROVENCE FL 200ML,LAIT ROSE FP FL200ML,GLOSS SEXYPULP RGE SOMBRE 04 CN3 10ML,MASCARA LONG NOIR 01 CN3 8ML,CR RESPLENDISS JR SPF20 SV50ml
399874122,BAUME NOUR LEV FRUITS NOIRS OS14 4G,SVC PURETE SH 300 ML,GELEE HYDRAT YX HYDRA/VEG 15ML,VAO CERISE NOIRE 32 LUM4 3ML,EDT  UN MATIN AU JARDIN  100ML  MUGUET,CR RESPLENDISS JR SPF20 SV50ml,EDT FRAMBOISE PN 20ML,"FAP MONO 2013 CN3  TAUPE  ROSE  2,5G",SVC PIEDS SOS P ECHAUF T50ML,EDT UN MATIN AU JARDIN 100ML ROSE
400457009,"GLOSS PRALINE 71 LUM4 4,5ML",BD PN VANILLE FL50ML,EYE LINER NOIR CN3 2.5ML,LAIT ROSE FP FL200ML,CUBE DE BAIN MURE PN2 20G,ZERO TRACE SPRAY SPF 15 FL150,EDT FRAMBOISE PN 20ML,BAUME LEVR SENT FRAMBOISE 4G,GD GOMMANT VANILLE T200 ML,EDT UN MATIN AU JARDIN 100ML ROSE
401255773,CD JDM4 COTON  FL 200ML,BAUME TRAD DE HAM P150ml,EYE LINER NOIR CN3 2.5ML,VAO NUANC TURQUOIS 56 IT/CO AOU14 L4 3ML,GLOSS SEXYPULP RGE SOMBRE 04 CN3 10ML,GEL NETT HYDRA VEG T125ML,CR RESPLENDISS JR SPF20 SV50ml,CR JR PARF BIO.SPE AC.SENT.50ML,BRUME VITAMINEE PAMPLEMOUSSE ROSE FL50ML,RIDES+FERMETE NUIT P50ml SV40
401489663,VAO RGE IMPRESSION 32 IT/CO AOU14 L4 3ML,MASC SEXYPULP NOIR 01 CN3 9ML,BLUSH SOLEIL CUIVRE ETE14 ANI LU4 2G,GELEE HYDRAT YX HYDRA/VEG 15ML,HUILE IP6 FL150 PROT VEG,GEL NETT HYDRA VEG T125ML,LAIT PECHE PN2 FL50ML,ZERO TRACE SPRAY SPF 15 FL150,BRUME VITAMINEE PAMPLEMOUSSE ROSE FL50ML,DEO JDM4 AMANDE FL 50 ML
405958556,GD JDM4 LAVANDIN DE PROVENCE 200ML,SVC PIEDS BAUME REP T50ml,EDP COMME UNE EVIDENCE VAPO SAC15ML OS13,REPACK AR BIEN JOUR RC2 P 50ml,LAIT ROSE FP FL200ML,MASCARA LONG NOIR 01 CN3 8ML,EDT FRAMBOISE PN 20ML,DEO JDM4 AMANDE FL 50 ML,SVC PIEDS SOS P ECHAUF T50ML,EDT UN MATIN AU JARDIN 100ML ROSE
406101429,RAL BRILL ROSE COCKTAIL32 CN3 3.5G,GELEE PROTECTYL APSOL T150,GELEE TEINT HALE MAT 02 AX/SO CN3 30ML,D LOTUS DU LAOS JDM3 200ML,LAIT PARF F200 ML EVIDENCE,GELEE HYDRAT YX HYDRA/VEG 15ML,EDT  UN MATIN AU JARDIN  100ML  MUGUET,BAUME LEVR SENT FRAMBOISE 4G,CR JR PARF BIO.SPE AC.SENT.50ML,DEO JDM4 AMANDE FL 50 ML
432300011,EDP EVIDENCE VAPO 100ML,BD PN VANILLE FL50ML,MASCARA VOL VERTIGE BLEU CN3 9ML,CUBE DE BAIN MURE PN2 20G,MASCARA LONG NOIR 01 CN3 8ML,UMAJ LAIT MUGUET FL 200ML,CR RESPLENDISS JR SPF20 SV50ml,BAUME LEVR SENT FRAMBOISE 4G,CR JR PARF BIO.SPE AC.SENT.50ML,BRUME VITAMINEE PAMPLEMOUSSE ROSE FL50ML
434406197,CD JDM4 COTON  FL 200ML,VAO FUCHSIA 13 LUMINELLE4 3ML,EDP COMME UNE EVIDENCE VAPO SAC15ML OS13,BAUME NOUR LEV FRUITS NOIRS OS14 4G,LAIT ROSE FP FL200ML,UMAJ LAIT MUGUET FL 200ML,ZERO TRACE SPRAY SPF 15 FL150,EDT FRAMBOISE PN 20ML,GD GOMMANT VANILLE T200 ML,DEO JDM4 AMANDE FL 50 ML
469903959,BLUSH SOLEIL CUIVRE ETE14 ANI LU4 2G,EYE LINER NOIR CN3 2.5ML,MASCARA VOL VERTIGE BLEU CN3 9ML,HUILE IP6 FL150 PROT VEG,LAIT PECHE PN2 FL50ML,BAUME LEVR SENT FRAMBOISE 4G,CR JR PARF BIO.SPE AC.SENT.50ML,BRUME VITAMINEE PAMPLEMOUSSE ROSE FL50ML,LAIT COCO PN2 FL50ML,EDT UN MATIN AU JARDIN 100ML ROSE
470595556,MASCARA VOL VERTIGE BLEU CN3 9ML,MASCARA LONG NOIR 01 CN3 8ML,EDT  UN MATIN AU JARDIN  100ML  MUGUET,EDT FRAMBOISE PN 20ML,BAUME LEVR SENT FRAMBOISE 4G,EYE LINER PRUNE06 CN3 2.5ML,CR JR PARF BIO.SPE AC.SENT.50ML,BRUME VITAMINEE PAMPLEMOUSSE ROSE FL50ML,"FAP MONO 2013 CN3  TAUPE  ROSE  2,5G",SVC PIEDS SOS P ECHAUF T50ML
471410440,FDT 0/DEF BEIG200 CLAIR CN3 30,"GLOSS PRALINE 71 LUM4 4,5ML",VAO FUCHSIA 13 LUMINELLE4 3ML,EDP COMME UNE EVIDENCE VAPO SAC15ML OS13,VAO NUANC TURQUOIS 56 IT/CO AOU14 L4 3ML,BAUME NOUR LEV FRUITS NOIRS OS14 4G,SVC PURETE SH 300 ML,UMAJ LAIT MUGUET FL 200ML,EDT FRAMBOISE PN 20ML,LAIT COCO PN2 FL50ML
478288485,BOUCLES SHAMPOING SOIN 300ML SVC,GD GOMMANT FRAMBOISE T200 ML,MSQ CRANBERRY BTE CROQUER T50,D LOTUS DU LAOS JDM3 200ML,VAO FUCHSIA 13 LUMINELLE4 3ML,"CRAY KHOL NOIR 81 LUM4 1,3gr",BAUME NOUR LEV FRUITS NOIRS OS14 4G,LAIT PECHE PN2 FL50ML,CR RESPLENDISS JR SPF20 SV50ml,BRUME VITAMINEE PAMPLEMOUSSE ROSE FL50ML
570076573,CORRECT A LA ROSE TT CLAIR CN3 5G,EDT EVIDENCE HOMME  VAPO 75ML,"CRAY KHOL NOIR 81 LUM4 1,3gr",BAUME TRAD DE HAM P150ml,SVC EXFO GOMMAGE VEG T150ml,VAO NUANC TURQUOIS 56 IT/CO AOU14 L4 3ML,LAIT PECHE PN2 FL50ML,EYE LINER PRUNE06 CN3 2.5ML,CR JR PARF BIO.SPE AC.SENT.50ML,DEO JDM4 AMANDE FL 50 ML
600442942,DOUCH GOMMANTE F ROUGES F200 ML,MASC SEXYPULP NOIR 01 CN3 9ML,EDP EVIDENCE VAPO 100ML,EAU MICELLAIRE HYDRATANTE 200ML,GEL DEFATIG ENERGIE FL 50ML,EYE LINER NOIR CN3 2.5ML,GEL NETT HYDRA VEG T125ML,CR RESPLENDISS JR SPF20 SV50ml,CR JR PARF BIO.SPE AC.SENT.50ML,EDT UN MATIN AU JARDIN 100ML ROSE
603694674,SPRAY IP50+ PROTECT VEG  FLP150ml,RIDES+ECLAT CR NUIT P50ml SV40,MSQ CRANBERRY BTE CROQUER T50,EDP EVIDENCE VAPO 100ML,GD JDM4 PAMPLEMOUSSE FL 200ML,"CRAY KHOL NOIR 81 LUM4 1,3gr",BAUME TRAD DE HAM P150ml,UMAJ LAIT MUGUET FL 200ML,EDT FRAMBOISE PN 20ML,DEO JDM4 AMANDE FL 50 ML
603849020,D LOTUS DU LAOS JDM3 200ML,GD JDM4 PAMPLEMOUSSE FL 200ML,BAUME TRAD DE HAM P150ml,LAIT PARF F200 ML EVIDENCE,LAIT ROSE FP FL200ML,HUILE IP6 FL150 PROT VEG,GLOSS SEXYPULP RGE SOMBRE 04 CN3 10ML,GEL NETT HYDRA VEG T125ML,ZERO TRACE SPRAY SPF 15 FL150,EDT UN MATIN AU JARDIN 100ML ROSE
604168256,SVC HYDRA 2EN1 ANTIREP Fl200ml,CD JDM4 COTON  FL 200ML,"GLOSS PRALINE 71 LUM4 4,5ML",EDT EVIDENCE HOMME  VAPO 75ML,REPACK AR BIEN JOUR RC2 P 50ml,SVC PURETE SH 300 ML,MASCARA LONG NOIR 01 CN3 8ML,CR JR PARF BIO.SPE AC.SENT.50ML,"FAP MONO 2013 CN3  TAUPE  ROSE  2,5G",DEO JDM4 AMANDE FL 50 ML
606243899,PORTE MINE BLEU FLASH 02 CN3 0.3G,EDT FRAISE PN2 100ML VPM,EDP EVIDENCE VAPO 100ML,EYE LINER NOIR CN3 2.5ML,SVC EXFO GOMMAGE VEG T150ml,GELEE HYDRAT YX HYDRA/VEG 15ML,GLOSS SEXYPULP RGE SOMBRE 04 CN3 10ML,ZERO TRACE SPRAY SPF 15 FL150,EYE LINER PRUNE06 CN3 2.5ML,"FAP MONO 2013 CN3  TAUPE  ROSE  2,5G"
606243914,MASC SEXYPULP NOIR 01 CN3 9ML,BAUME TRAD DE HAM P150ml,GEL DEFATIG ENERGIE FL 50ML,BD PN VANILLE FL50ML,GELEE HYDRAT YX HYDRA/VEG 15ML,LAIT ROSE FP FL200ML,CUBE DE BAIN MURE PN2 20G,GEL NETT HYDRA VEG T125ML,EYE LINER PRUNE06 CN3 2.5ML,CR JR PARF BIO.SPE AC.SENT.50ML
606243948,BOUCLES SHAMPOING SOIN 300ML SVC,SVC HYDRA 2EN1 ANTIREP Fl200ml,GD JDM4 LAVANDIN DE PROVENCE 200ML,MSQ CRANBERRY BTE CROQUER T50,MASC SEXYPULP NOIR 01 CN3 9ML,BAUME TRAD DE HAM P150ml,GEL DEFATIG ENERGIE FL 50ML,LAIT PARF F200 ML EVIDENCE,BLUSH SOLEIL CUIVRE ETE14 ANI LU4 2G,HUILE IP6 FL150 PROT VEG
606244005,SVC EXFO GOMMAGE VEG T150ml,SVC PURETE SH 300 ML,CUBE DE BAIN MURE PN2 20G,EDT  UN MATIN AU JARDIN  100ML  MUGUET,UMAJ LAIT MUGUET FL 200ML,CR RESPLENDISS JR SPF20 SV50ml,GD GOMMANT VANILLE T200 ML,SVC PIEDS SOS P ECHAUF T50ML,RIDES+FERMETE NUIT P50ml SV40,EDT UN MATIN AU JARDIN 100ML ROSE
606244063,BAUME NOUR LEV FRUITS NOIRS OS14 4G,MASCARA VOL VERTIGE BLEU CN3 9ML,GELEE HYDRAT YX HYDRA/VEG 15ML,HUILE IP6 FL150 PROT VEG,GEL NETT HYDRA VEG T125ML,EDT  UN MATIN AU JARDIN  100ML  MUGUET,ZERO TRACE SPRAY SPF 15 FL150,EDT FRAMBOISE PN 20ML,GD GOMMANT VANILLE T200 ML,"FAP MONO 2013 CN3  TAUPE  ROSE  2,5G"
606244146,SPRAY IP50+ PROTECT VEG  FLP150ml,VAO PASTEL PARME 03 MANUC CN3 5.5ML,GELEE TEINT HALE MAT 02 AX/SO CN3 30ML,EDT FRAISE PN2 100ML VPM,GD JDM4 LAVANDIN DE PROVENCE 200ML,EAU MICELLAIRE HYDRATANTE 200ML,BAUME NOUR LEV FRUITS NOIRS OS14 4G,SVC PURETE SH 300 ML,EDT FRAMBOISE PN 20ML,RIDES+FERMETE NUIT P50ml SV40
606244253,FDT 0/DEF BEIG200 CLAIR CN3 30,GEL NETT HYDRA VEG T125ML,EDT  UN MATIN AU JARDIN  100ML  MUGUET,EDT FRAMBOISE PN 20ML,EYE LINER PRUNE06 CN3 2.5ML,BRUME VITAMINEE PAMPLEMOUSSE ROSE FL50ML,LAIT COCO PN2 FL50ML,"FAP MONO 2013 CN3  TAUPE  ROSE  2,5G",DEO JDM4 AMANDE FL 50 ML,RIDES+FERMETE NUIT P50ml SV40
606244352,EDT EVIDENCE HOMME  VAPO 75ML,"CRAY KHOL NOIR 81 LUM4 1,3gr",BLUSH SOLEIL CUIVRE ETE14 ANI LU4 2G,EYE LINER NOIR CN3 2.5ML,EDP COMME UNE EVIDENCE VAPO SAC15ML OS13,BAUME NOUR CACAO FRAMB NOEL COLL 4G,GD JDM LAVANDIN PROVENCE FL 200ML,VAO CERISE NOIRE 32 LUM4 3ML,GLOSS SEXYPULP RGE SOMBRE 04 CN3 10ML,BRUME VITAMINEE PAMPLEMOUSSE ROSE FL50ML
606244419,"GLOSS PRALINE 71 LUM4 4,5ML",EAU MICELLAIRE HYDRATANTE 200ML,BLUSH SOLEIL CUIVRE ETE14 ANI LU4 2G,SVC EXFO GOMMAGE VEG T150ml,BAUME NOUR LEV FRUITS NOIRS OS14 4G,MASCARA VOL VERTIGE BLEU CN3 9ML,VAO CERISE NOIRE 32 LUM4 3ML,CUBE DE BAIN MURE PN2 20G,MASCARA LONG NOIR 01 CN3 8ML,LAIT COCO PN2 FL50ML
606244427,BAUME TRAD DE HAM P150ml,BLUSH SOLEIL CUIVRE ETE14 ANI LU4 2G,BD PN VANILLE FL50ML,VAO NUANC TURQUOIS 56 IT/CO AOU14 L4 3ML,CUBE DE BAIN MURE PN2 20G,CR RESPLENDISS JR SPF20 SV50ml,CR JR PARF BIO.SPE AC.SENT.50ML,LAIT COCO PN2 FL50ML,"FAP MONO 2013 CN3  TAUPE  ROSE  2,5G",SVC PIEDS SOS P ECHAUF T50ML
606244469,GD JDM4 PAMPLEMOUSSE FL 200ML,EAU MICELLAIRE HYDRATANTE 200ML,SVC PIEDS BAUME REP T50ml,EDT EVIDENCE HOMME  VAPO 75ML,EYE LINER NOIR CN3 2.5ML,GLOSS SEXYPULP RGE SOMBRE 04 CN3 10ML,EDT  UN MATIN AU JARDIN  100ML  MUGUET,UMAJ LAIT MUGUET FL 200ML,ZERO TRACE SPRAY SPF 15 FL150,CR JR PARF BIO.SPE AC.SENT.50ML
606244641,EDP COMME UNE EVIDENCE VAPO SAC15ML OS13,VAO NUANC TURQUOIS 56 IT/CO AOU14 L4 3ML,BAUME NOUR LEV FRUITS NOIRS OS14 4G,SVC PURETE SH 300 ML,GELEE HYDRAT YX HYDRA/VEG 15ML,HUILE IP6 FL150 PROT VEG,GLOSS SEXYPULP RGE SOMBRE 04 CN3 10ML,LAIT COCO PN2 FL50ML,"FAP MONO 2013 CN3  TAUPE  ROSE  2,5G",EDT UN MATIN AU JARDIN 100ML ROSE
606244675,GD JDM4 LAVANDIN DE PROVENCE 200ML,FDT 0/DEF BEIG200 CLAIR CN3 30,BLUSH SOLEIL CUIVRE ETE14 ANI LU4 2G,BAUME NOUR CACAO FRAMB NOEL COLL 4G,SVC PURETE SH 300 ML,GELEE HYDRAT YX HYDRA/VEG 15ML,GLOSS SEXYPULP RGE SOMBRE 04 CN3 10ML,CR RESPLENDISS JR SPF20 SV50ml,EYE LINER PRUNE06 CN3 2.5ML,LAIT COCO PN2 FL50ML
606457681,GD GOMMANT FRAMBOISE T200 ML,GELEE TEINT HALE MAT 02 AX/SO CN3 30ML,GD JDM4 LAVANDIN DE PROVENCE 200ML,RIDES+ECLAT CR NUIT P50ml SV40,FDT 0/DEF BEIG200 CLAIR CN3 30,GD JDM4 PAMPLEMOUSSE FL 200ML,SVC EXFO GOMMAGE VEG T150ml,VAO NUANC TURQUOIS 56 IT/CO AOU14 L4 3ML,EYE LINER PRUNE06 CN3 2.5ML,LAIT COCO PN2 FL50ML
607871658,PORTE MINE BLEU FLASH 02 CN3 0.3G,GD GOMMANT FRAMBOISE T200 ML,CD JDM4 COTON  FL 200ML,SVC PIEDS BAUME REP T50ml,EDT EVIDENCE HOMME  VAPO 75ML,CUBE DE BAIN MURE PN2 20G,GLOSS SEXYPULP RGE SOMBRE 04 CN3 10ML,MASCARA LONG NOIR 01 CN3 8ML,LAIT PECHE PN2 FL50ML,BRUME VITAMINEE PAMPLEMOUSSE ROSE FL50ML
611663067,BAUME TRAD DE HAM P150ml,EDP COMME UNE EVIDENCE VAPO SAC15ML OS13,REPACK AR BIEN JOUR RC2 P 50ml,CUBE DE BAIN MURE PN2 20G,MASCARA LONG NOIR 01 CN3 8ML,EDT  UN MATIN AU JARDIN  100ML  MUGUET,ZERO TRACE SPRAY SPF 15 FL150,LAIT COCO PN2 FL50ML,"FAP MONO 2013 CN3  TAUPE  ROSE  2,5G",DEO JDM4 AMANDE FL 50 ML
613349665,"GLOSS PRALINE 71 LUM4 4,5ML",EDT EVIDENCE HOMME  VAPO 75ML,LAIT PARF F200 ML EVIDENCE,BLUSH SOLEIL CUIVRE ETE14 ANI LU4 2G,REPACK AR BIEN JOUR RC2 P 50ml,MASCARA LONG NOIR 01 CN3 8ML,EDT FRAMBOISE PN 20ML,BAUME LEVR SENT FRAMBOISE 4G,DEO JDM4 AMANDE FL 50 ML,EDT UN MATIN AU JARDIN 100ML ROSE
613500332,VAO PASTEL PARME 03 MANUC CN3 5.5ML,RAL BRILL ROSE COCKTAIL32 CN3 3.5G,MSQ CRANBERRY BTE CROQUER T50,CD JDM4 COTON  FL 200ML,GD JDM4 PAMPLEMOUSSE FL 200ML,SVC PIEDS BAUME REP T50ml,REPACK AR BIEN JOUR RC2 P 50ml,HUILE IP6 FL150 PROT VEG,UMAJ LAIT MUGUET FL 200ML,ZERO TRACE SPRAY SPF 15 FL150
615761338,MASC SEXYPULP NOIR 01 CN3 9ML,"GLOSS PRALINE 71 LUM4 4,5ML",EDT EVIDENCE HOMME  VAPO 75ML,SVC EXFO GOMMAGE VEG T150ml,VAO NUANC TURQUOIS 56 IT/CO AOU14 L4 3ML,HUILE IP6 FL150 PROT VEG,GLOSS SEXYPULP RGE SOMBRE 04 CN3 10ML,GEL NETT HYDRA VEG T125ML,ZERO TRACE SPRAY SPF 15 FL150,SVC PIEDS SOS P ECHAUF T50ML
624769083,BLUSH SOLEIL CUIVRE ETE14 ANI LU4 2G,BAUME NOUR LEV FRUITS NOIRS OS14 4G,GELEE HYDRAT YX HYDRA/VEG 15ML,VAO CERISE NOIRE 32 LUM4 3ML,LAIT ROSE FP FL200ML,EDT FRAMBOISE PN 20ML,EYE LINER PRUNE06 CN3 2.5ML,CR JR PARF BIO.SPE AC.SENT.50ML,RIDES+FERMETE NUIT P50ml SV40,EDT UN MATIN AU JARDIN 100ML ROSE
626801858,BAUME TRAD DE HAM P150ml,EYE LINER NOIR CN3 2.5ML,EDP COMME UNE EVIDENCE VAPO SAC15ML OS13,HUILE IP6 FL150 PROT VEG,EDT  UN MATIN AU JARDIN  100ML  MUGUET,UMAJ LAIT MUGUET FL 200ML,BAUME LEVR SENT FRAMBOISE 4G,GD GOMMANT VANILLE T200 ML,LAIT COCO PN2 FL50ML,"FAP MONO 2013 CN3  TAUPE  ROSE  2,5G"
627666111,GELEE HYDRAT YX HYDRA/VEG 15ML,CUBE DE BAIN MURE PN2 20G,GLOSS SEXYPULP RGE SOMBRE 04 CN3 10ML,UMAJ LAIT MUGUET FL 200ML,ZERO TRACE SPRAY SPF 15 FL150,EDT FRAMBOISE PN 20ML,EYE LINER PRUNE06 CN3 2.5ML,LAIT COCO PN2 FL50ML,"FAP MONO 2013 CN3  TAUPE  ROSE  2,5G",SVC PIEDS SOS P ECHAUF T50ML
628346044,MASC SEXYPULP NOIR 01 CN3 9ML,CD JDM4 COTON  FL 200ML,SVC PIEDS BAUME REP T50ml,LAIT PARF F200 ML EVIDENCE,BD PN VANILLE FL50ML,SVC PURETE SH 300 ML,CUBE DE BAIN MURE PN2 20G,GLOSS SEXYPULP RGE SOMBRE 04 CN3 10ML,EDT FRAMBOISE PN 20ML,LAIT COCO PN2 FL50ML
630661224,BAUME TRAD DE HAM P150ml,EYE LINER NOIR CN3 2.5ML,EDP COMME UNE EVIDENCE VAPO SAC15ML OS13,VAO NUANC TURQUOIS 56 IT/CO AOU14 L4 3ML,BAUME NOUR LEV FRUITS NOIRS OS14 4G,HUILE IP6 FL150 PROT VEG,GLOSS SEXYPULP RGE SOMBRE 04 CN3 10ML,CR RESPLENDISS JR SPF20 SV50ml,BAUME LEVR SENT FRAMBOISE 4G,LAIT COCO PN2 FL50ML
631294009,LAIT PARF F200 ML EVIDENCE,EDP COMME UNE EVIDENCE VAPO SAC15ML OS13,SVC EXFO GOMMAGE VEG T150ml,REPACK AR BIEN JOUR RC2 P 50ml,LAIT ROSE FP FL200ML,CR RESPLENDISS JR SPF20 SV50ml,ZERO TRACE SPRAY SPF 15 FL150,BRUME VITAMINEE PAMPLEMOUSSE ROSE FL50ML,LAIT COCO PN2 FL50ML,EDT UN MATIN AU JARDIN 100ML ROSE
632463908,VAO RGE IMPRESSION 32 IT/CO AOU14 L4 3ML,MASC SEXYPULP NOIR 01 CN3 9ML,GD JDM4 PAMPLEMOUSSE FL 200ML,BAUME TRAD DE HAM P150ml,BD PN VANILLE FL50ML,EDP COMME UNE EVIDENCE VAPO SAC15ML OS13,BAUME NOUR LEV FRUITS NOIRS OS14 4G,SVC PURETE SH 300 ML,LAIT ROSE FP FL200ML,GD GOMMANT VANILLE T200 ML
632474395,EDT EVIDENCE HOMME  VAPO 75ML,BLUSH SOLEIL CUIVRE ETE14 ANI LU4 2G,EYE LINER NOIR CN3 2.5ML,BAUME NOUR CACAO FRAMB NOEL COLL 4G,SVC EXFO GOMMAGE VEG T150ml,CUBE DE BAIN MURE PN2 20G,ZERO TRACE SPRAY SPF 15 FL150,GD GOMMANT VANILLE T200 ML,EYE LINER PRUNE06 CN3 2.5ML,RIDES+FERMETE NUIT P50ml SV40
634442176,GD 200ML AMBRE NOIR,VAO RGE IMPRESSION 32 IT/CO AOU14 L4 3ML,EYE LINER NOIR CN3 2.5ML,VAO NUANC TURQUOIS 56 IT/CO AOU14 L4 3ML,GELEE HYDRAT YX HYDRA/VEG 15ML,UMAJ LAIT MUGUET FL 200ML,EDT FRAMBOISE PN 20ML,BAUME LEVR SENT FRAMBOISE 4G,CR JR PARF BIO.SPE AC.SENT.50ML,LAIT COCO PN2 FL50ML
634906625,SVC EXFO GOMMAGE VEG T150ml,GLOSS SEXYPULP RGE SOMBRE 04 CN3 10ML,MASCARA LONG NOIR 01 CN3 8ML,EDT  UN MATIN AU JARDIN  100ML  MUGUET,UMAJ LAIT MUGUET FL 200ML,CR RESPLENDISS JR SPF20 SV50ml,BAUME LEVR SENT FRAMBOISE 4G,GD GOMMANT VANILLE T200 ML,RIDES+FERMETE NUIT P50ml SV40,EDT UN MATIN AU JARDIN 100ML ROSE
636254321,GEL DEFATIG ENERGIE FL 50ML,BLUSH SOLEIL CUIVRE ETE14 ANI LU4 2G,BAUME NOUR CACAO FRAMB NOEL COLL 4G,VAO CERISE NOIRE 32 LUM4 3ML,GLOSS SEXYPULP RGE SOMBRE 04 CN3 10ML,MASCARA LONG NOIR 01 CN3 8ML,UMAJ LAIT MUGUET FL 200ML,ZERO TRACE SPRAY SPF 15 FL150,"FAP MONO 2013 CN3  TAUPE  ROSE  2,5G",EDT UN MATIN AU JARDIN 100ML ROSE
642731263,EDT FRAISE PN2 100ML VPM,FDT 0/DEF BEIG200 CLAIR CN3 30,LAIT PARF F200 ML EVIDENCE,BAUME NOUR CACAO FRAMB NOEL COLL 4G,REPACK AR BIEN JOUR RC2 P 50ml,HUILE IP6 FL150 PROT VEG,ZERO TRACE SPRAY SPF 15 FL150,LAIT COCO PN2 FL50ML,"FAP MONO 2013 CN3  TAUPE  ROSE  2,5G",DEO JDM4 AMANDE FL 50 ML
676266467,EDT EVIDENCE HOMME  VAPO 75ML,BLUSH SOLEIL CUIVRE ETE14 ANI LU4 2G,BD PN VANILLE FL50ML,EDP COMME UNE EVIDENCE VAPO SAC15ML OS13,VAO NUANC TURQUOIS 56 IT/CO AOU14 L4 3ML,BAUME NOUR LEV FRUITS NOIRS OS14 4G,GELEE HYDRAT YX HYDRA/VEG 15ML,LAIT ROSE FP FL200ML,GLOSS SEXYPULP RGE SOMBRE 04 CN3 10ML,EDT UN MATIN AU JARDIN 100ML ROSE
678221799,SVC HYDRA 2EN1 ANTIREP Fl200ml,RIDES+ECLAT CR NUIT P50ml SV40,MASC SEXYPULP NOIR 01 CN3 9ML,SVC PIEDS BAUME REP T50ml,BLUSH SOLEIL CUIVRE ETE14 ANI LU4 2G,EDP COMME UNE EVIDENCE VAPO SAC15ML OS13,LAIT PECHE PN2 FL50ML,EDT FRAMBOISE PN 20ML,CR JR PARF BIO.SPE AC.SENT.50ML,BRUME VITAMINEE PAMPLEMOUSSE ROSE FL50ML
689170317,GLOSS SEXYPULP RGE SOMBRE 04 CN3 10ML,MASCARA LONG NOIR 01 CN3 8ML,GEL NETT HYDRA VEG T125ML,EDT  UN MATIN AU JARDIN  100ML  MUGUET,LAIT PECHE PN2 FL50ML,ZERO TRACE SPRAY SPF 15 FL150,BAUME LEVR SENT FRAMBOISE 4G,EYE LINER PRUNE06 CN3 2.5ML,SVC PIEDS SOS P ECHAUF T50ML,EDT UN MATIN AU JARDIN 100ML ROSE
708351064,GD GOMMANT FRAMBOISE T200 ML,D LOTUS DU LAOS JDM3 200ML,DOUCH GOMMANTE F ROUGES F200 ML,SVC PIEDS BAUME REP T50ml,BAUME TRAD DE HAM P150ml,GLOSS SEXYPULP RGE SOMBRE 04 CN3 10ML,UMAJ LAIT MUGUET FL 200ML,LAIT PECHE PN2 FL50ML,BRUME VITAMINEE PAMPLEMOUSSE ROSE FL50ML,"FAP MONO 2013 CN3  TAUPE  ROSE  2,5G"
709524693,EDP COMME UNE EVIDENCE VAPO SAC15ML OS13,VAO NUANC TURQUOIS 56 IT/CO AOU14 L4 3ML,BAUME NOUR LEV FRUITS NOIRS OS14 4G,REPACK AR BIEN JOUR RC2 P 50ml,HUILE IP6 FL150 PROT VEG,CUBE DE BAIN MURE PN2 20G,GEL NETT HYDRA VEG T125ML,LAIT PECHE PN2 FL50ML,CR RESPLENDISS JR SPF20 SV50ml,ZERO TRACE SPRAY SPF 15 FL150
712016041,VAO NUANC TURQUOIS 56 IT/CO AOU14 L4 3ML,BAUME NOUR LEV FRUITS NOIRS OS14 4G,MASCARA VOL VERTIGE BLEU CN3 9ML,VAO CERISE NOIRE 32 LUM4 3ML,HUILE IP6 FL150 PROT VEG,UMAJ LAIT MUGUET FL 200ML,CR RESPLENDISS JR SPF20 SV50ml,GD GOMMANT VANILLE T200 ML,"FAP MONO 2013 CN3  TAUPE  ROSE  2,5G",EDT UN MATIN AU JARDIN 100ML ROSE
726834710,EDP EVIDENCE VAPO 100ML,GD JDM4 PAMPLEMOUSSE FL 200ML,VAO FUCHSIA 13 LUMINELLE4 3ML,EDP COMME UNE EVIDENCE VAPO SAC15ML OS13,GD JDM LAVANDIN PROVENCE FL 200ML,VAO CERISE NOIRE 32 LUM4 3ML,UMAJ LAIT MUGUET FL 200ML,BRUME VITAMINEE PAMPLEMOUSSE ROSE FL50ML,"FAP MONO 2013 CN3  TAUPE  ROSE  2,5G",SVC PIEDS SOS P ECHAUF T50ML
760672670,BAUME NOUR LEV FRUITS NOIRS OS14 4G,HUILE IP6 FL150 PROT VEG,GLOSS SEXYPULP RGE SOMBRE 04 CN3 10ML,MASCARA LONG NOIR 01 CN3 8ML,EDT  UN MATIN AU JARDIN  100ML  MUGUET,UMAJ LAIT MUGUET FL 200ML,CR RESPLENDISS JR SPF20 SV50ml,EYE LINER PRUNE06 CN3 2.5ML,SVC PIEDS SOS P ECHAUF T50ML,EDT UN MATIN AU JARDIN 100ML ROSE
769916424,DOUCH GOMMANTE F ROUGES F200 ML,EAU MICELLAIRE HYDRATANTE 200ML,BD PN VANILLE FL50ML,EYE LINER NOIR CN3 2.5ML,BAUME NOUR CACAO FRAMB NOEL COLL 4G,MASCARA VOL VERTIGE BLEU CN3 9ML,HUILE IP6 FL150 PROT VEG,CUBE DE BAIN MURE PN2 20G,LAIT PECHE PN2 FL50ML,"FAP MONO 2013 CN3  TAUPE  ROSE  2,5G"
800001962,FAP ENLUMINEUR B LANC NEIGE 2G LUM 4 VPM,VAO PASTEL PARME 03 MANUC CN3 5.5ML,MASC WATER NOIR 01 AX/SO CN3 9ML,GD JDM4 LAVANDIN DE PROVENCE 200ML,RIDES+ECLAT CR NUIT P50ml SV40,CD JDM4 COTON  FL 200ML,EDP EVIDENCE VAPO 100ML,GEL DEFATIG ENERGIE FL 50ML,EDP COMME UNE EVIDENCE VAPO SAC15ML OS13,VAO CERISE NOIRE 32 LUM4 3ML
800004215,REPACK AR BIEN JOUR RC2 P 50ml,LAIT ROSE FP FL200ML,CUBE DE BAIN MURE PN2 20G,GLOSS SEXYPULP RGE SOMBRE 04 CN3 10ML,MASCARA LONG NOIR 01 CN3 8ML,UMAJ LAIT MUGUET FL 200ML,LAIT PECHE PN2 FL50ML,GD GOMMANT VANILLE T200 ML,CR JR PARF BIO.SPE AC.SENT.50ML,LAIT COCO PN2 FL50ML
800005577,VAO ROSE PASTEL 11 LUM4 3ML,SVC PIEDS BAUME REP T50ml,GEL DEFATIG ENERGIE FL 50ML,GD JDM LAVANDIN PROVENCE FL 200ML,VAO CERISE NOIRE 32 LUM4 3ML,HUILE IP6 FL150 PROT VEG,GLOSS SEXYPULP RGE SOMBRE 04 CN3 10ML,MASCARA LONG NOIR 01 CN3 8ML,LAIT PECHE PN2 FL50ML,BRUME VITAMINEE PAMPLEMOUSSE ROSE FL50ML
800006244,RIDES+ECLAT CR NUIT P50ml SV40,CORRECT A LA ROSE TT CLAIR CN3 5G,"CRAY KHOL NOIR 81 LUM4 1,3gr",BD PN VANILLE FL50ML,EYE LINER NOIR CN3 2.5ML,GLOSS SEXYPULP RGE SOMBRE 04 CN3 10ML,GEL NETT HYDRA VEG T125ML,GD GOMMANT VANILLE T200 ML,RIDES+FERMETE NUIT P50ml SV40,EDT UN MATIN AU JARDIN 100ML ROSE
800006286,RIDES+ECLAT CR NUIT P50ml SV40,MASC SEXYPULP NOIR 01 CN3 9ML,EDP EVIDENCE VAPO 100ML,"CRAY KHOL NOIR 81 LUM4 1,3gr",SVC EXFO GOMMAGE VEG T150ml,GELEE HYDRAT YX HYDRA/VEG 15ML,CR RESPLENDISS JR SPF20 SV50ml,EYE LINER PRUNE06 CN3 2.5ML,LAIT COCO PN2 FL50ML,EDT UN MATIN AU JARDIN 100ML ROSE
800011870,GEL DEFATIG ENERGIE FL 50ML,SVC EXFO GOMMAGE VEG T150ml,BAUME NOUR LEV FRUITS NOIRS OS14 4G,GD JDM LAVANDIN PROVENCE FL 200ML,LAIT ROSE FP FL200ML,GLOSS SEXYPULP RGE SOMBRE 04 CN3 10ML,MASCARA LONG NOIR 01 CN3 8ML,ZERO TRACE SPRAY SPF 15 FL150,BAUME LEVR SENT FRAMBOISE 4G,EYE LINER PRUNE06 CN3 2.5ML
800012028,BLUSH SOLEIL CUIVRE ETE14 ANI LU4 2G,BD PN VANILLE FL50ML,REPACK AR BIEN JOUR RC2 P 50ml,GELEE HYDRAT YX HYDRA/VEG 15ML,LAIT ROSE FP FL200ML,MASCARA LONG NOIR 01 CN3 8ML,CR RESPLENDISS JR SPF20 SV50ml,BAUME LEVR SENT FRAMBOISE 4G,CR JR PARF BIO.SPE AC.SENT.50ML,EDT UN MATIN AU JARDIN 100ML ROSE
800014123,DOUCH GOMMANTE F ROUGES F200 ML,"GLOSS PRALINE 71 LUM4 4,5ML",EDP EVIDENCE VAPO 100ML,LAIT PARF F200 ML EVIDENCE,BD PN VANILLE FL50ML,VAO NUANC TURQUOIS 56 IT/CO AOU14 L4 3ML,VAO CERISE NOIRE 32 LUM4 3ML,LAIT COCO PN2 FL50ML,SVC PIEDS SOS P ECHAUF T50ML,EDT UN MATIN AU JARDIN 100ML ROSE
800015912,EDT EVIDENCE HOMME  VAPO 75ML,"CRAY KHOL NOIR 81 LUM4 1,3gr",BAUME TRAD DE HAM P150ml,SVC EXFO GOMMAGE VEG T150ml,MASCARA VOL VERTIGE BLEU CN3 9ML,GELEE HYDRAT YX HYDRA/VEG 15ML,CUBE DE BAIN MURE PN2 20G,MASCARA LONG NOIR 01 CN3 8ML,LAIT COCO PN2 FL50ML,"FAP MONO 2013 CN3  TAUPE  ROSE  2,5G"
800017366,MSQ CRANBERRY BTE CROQUER T50,FDT 0/DEF BEIG200 CLAIR CN3 30,D LOTUS DU LAOS JDM3 200ML,DOUCH GOMMANTE F ROUGES F200 ML,GD JDM4 PAMPLEMOUSSE FL 200ML,SVC EXFO GOMMAGE VEG T150ml,MASCARA VOL VERTIGE BLEU CN3 9ML,GLOSS SEXYPULP RGE SOMBRE 04 CN3 10ML,CR JR PARF BIO.SPE AC.SENT.50ML,RIDES+FERMETE NUIT P50ml SV40
800030301,CORRECT A LA ROSE TT CLAIR CN3 5G,EDP EVIDENCE VAPO 100ML,BAUME TRAD DE HAM P150ml,BLUSH SOLEIL CUIVRE ETE14 ANI LU4 2G,GLOSS SEXYPULP RGE SOMBRE 04 CN3 10ML,GEL NETT HYDRA VEG T125ML,CR RESPLENDISS JR SPF20 SV50ml,LAIT COCO PN2 FL50ML,SVC PIEDS SOS P ECHAUF T50ML,EDT UN MATIN AU JARDIN 100ML ROSE
800032084,LAIT PARF F200 ML EVIDENCE,VAO NUANC TURQUOIS 56 IT/CO AOU14 L4 3ML,BAUME NOUR LEV FRUITS NOIRS OS14 4G,SVC PURETE SH 300 ML,GELEE HYDRAT YX HYDRA/VEG 15ML,VAO CERISE NOIRE 32 LUM4 3ML,HUILE IP6 FL150 PROT VEG,DEO JDM4 AMANDE FL 50 ML,RIDES+FERMETE NUIT P50ml SV40,EDT UN MATIN AU JARDIN 100ML ROSE
800034197,GD JDM4 PAMPLEMOUSSE FL 200ML,EDT EVIDENCE HOMME  VAPO 75ML,LAIT PARF F200 ML EVIDENCE,SVC EXFO GOMMAGE VEG T150ml,HUILE IP6 FL150 PROT VEG,CUBE DE BAIN MURE PN2 20G,EDT  UN MATIN AU JARDIN  100ML  MUGUET,GD GOMMANT VANILLE T200 ML,LAIT COCO PN2 FL50ML,SVC PIEDS SOS P ECHAUF T50ML
800035566,CORRECT A LA ROSE TT CLAIR CN3 5G,VAO RGE IMPRESSION 32 IT/CO AOU14 L4 3ML,DOUCH GOMMANTE F ROUGES F200 ML,EAU MICELLAIRE HYDRATANTE 200ML,GEL DEFATIG ENERGIE FL 50ML,VAO CERISE NOIRE 32 LUM4 3ML,CR RESPLENDISS JR SPF20 SV50ml,EDT FRAMBOISE PN 20ML,GD GOMMANT VANILLE T200 ML,LAIT COCO PN2 FL50ML
800036192,VAO RGE IMPRESSION 32 IT/CO AOU14 L4 3ML,MASC SEXYPULP NOIR 01 CN3 9ML,CD JDM4 COTON  FL 200ML,EDT EVIDENCE HOMME  VAPO 75ML,LAIT PARF F200 ML EVIDENCE,LAIT ROSE FP FL200ML,CUBE DE BAIN MURE PN2 20G,CR JR PARF BIO.SPE AC.SENT.50ML,SVC PIEDS SOS P ECHAUF T50ML,RIDES+FERMETE NUIT P50ml SV40
800048543,EDP EVIDENCE VAPO 100ML,VAO FUCHSIA 13 LUMINELLE4 3ML,"CRAY KHOL NOIR 81 LUM4 1,3gr",BAUME TRAD DE HAM P150ml,EYE LINER NOIR CN3 2.5ML,SVC PURETE SH 300 ML,GELEE HYDRAT YX HYDRA/VEG 15ML,GLOSS SEXYPULP RGE SOMBRE 04 CN3 10ML,GEL NETT HYDRA VEG T125ML,EDT UN MATIN AU JARDIN 100ML ROSE
800048971,BOUCLES SHAMPOING SOIN 300ML SVC,EDP EVIDENCE VAPO 100ML,VAO FUCHSIA 13 LUMINELLE4 3ML,EDT EVIDENCE HOMME  VAPO 75ML,BLUSH SOLEIL CUIVRE ETE14 ANI LU4 2G,BD PN VANILLE FL50ML,EYE LINER NOIR CN3 2.5ML,CUBE DE BAIN MURE PN2 20G,LAIT COCO PN2 FL50ML,DEO JDM4 AMANDE FL 50 ML
800050010,EYE LINER NOIR CN3 2.5ML,BAUME NOUR CACAO FRAMB NOEL COLL 4G,SVC PURETE SH 300 ML,LAIT ROSE FP FL200ML,UMAJ LAIT MUGUET FL 200ML,LAIT PECHE PN2 FL50ML,LAIT COCO PN2 FL50ML,SVC PIEDS SOS P ECHAUF T50ML,RIDES+FERMETE NUIT P50ml SV40,EDT UN MATIN AU JARDIN 100ML ROSE
800052173,GEL DEFATIG ENERGIE FL 50ML,BD PN VANILLE FL50ML,EDP COMME UNE EVIDENCE VAPO SAC15ML OS13,BAUME NOUR CACAO FRAMB NOEL COLL 4G,SVC EXFO GOMMAGE VEG T150ml,BAUME NOUR LEV FRUITS NOIRS OS14 4G,ZERO TRACE SPRAY SPF 15 FL150,BAUME LEVR SENT FRAMBOISE 4G,LAIT COCO PN2 FL50ML,RIDES+FERMETE NUIT P50ml SV40
